NB_VACANCIES_CREATION,STATUS_CODE,STATUS_NAME,EXPERIENCE_CODE,EXPERIENCE_NAME,EXPERIENCE_MIN_DURATION,EXPERIENCE_MAX_DURATION,EXP_DURATION_TYPE_CODE,EXP_DURATION_TYPE_NAME,ROME_PROFESSION_CARD_CODE,ROME_PROFESSION_CARD_NAME,ROME_PROFESSION_CODE,ROME_PROFESSION_NAME,CONTRACT_NATURE_CODE,CONTRACT_NATURE_NAME,CONTRACT_TYPE_CODE,CONTRACT_TYPE_NAME,CONTRACT_DUR_UNIT_CODE,CONTRACT_DUR_UNIT_NAME,CONTRACT_DURATION,SALARY_TYPE_CODE,SALARY_TYPE_NAME,MINIMUM_SALARY,MAXIMUM_SALARY,SALARY_UNIT_CODE,WAGE_UNIT_NAME,NB_MONTH_SALARY,SALARY_COMMENT,ACTIVITY_CODE,ACTIVITY_NAME,CREATION_DATE,MODIFICATION_DATE,QUALIFICATION_CODE,QUALIFICATION_NAME,WORKING_CONDITION_CODE,WORKING_CONDITION_NAME,WORKING_HOURS_TYPE_CODE,WORKING_HOURS_TYPE_NAME,WORKING_CONDITION_COMMENT,WORKING_HOURS_TYPE_COMMENT,WEEKLY_WORKING_HOURS,WEEKLY_WORKING_MINUTES,ROME_LIST_SKILL_CODE,ROME_LIST_ACTIVITY_CODE,ROME_LIST_WORK_ENV_CODE,DEGREE_TYPE_CODE_1,DEGREE_TYPE_NAME_1,DEGREE_SUBJECT_AREA_CODE_1,DEGREE_SUBJECT_AREA_NAME_1,DEGREE_DIPLOMA_NAME_1,DEGREE_REQUIRED_CODE_1,DEGREE_REQUIRED_NAME_1,DEGREE_TYPE_CODE_2,DEGREE_TYPE_NAME_2,DEGREE_SUBJECT_AREA_CODE_2,DEGREE_SUBJECT_AREA_NAME_2,DEGREE_DIPLOMA_NAME_2,DEGREE_REQUIRED_CODE_2,DEGREE_REQUIRED_NAME_2,LANG_CODE_1,LANG_NAME_1,LANG_PROFICIENCY_CODE_1,LANG_PROFICIENCY_NAME_1,LANG_REQUIRED_CODE_1,LANG_REQUIRED_NAME_1,LANG_CODE_2,LANG_NAME_2,LANG_PROFICIENCY_CODE_2,LANG_PROFICIENCY_NAME_2,LANG_REQUIRED_CODE_2,LANG_REQUIRED_NAME_2,DRIVING_LIC_CODE_1,DRIVING_LIC_NAME_1,DRIVING_LIC_REQ_CODE_1,DRIVING_LIC_REQ_NAME_1,DRIVING_LIC_CODE_2,DRIVING_LIC_NAME_2,DRIVING_LIC_REQ_CODE_2,DRIVING_LIC_REQ_NAME_2,DESKTOP_TOOLS_CODE_1,DESKTOP_TOOLS_NAME_1,DESKTOP_TOOLS_LEV_CODE_1,DESKTOP_TOOLS_LEV_NAME_1,DESKTOP_TOOLS_CODE_2,DESKTOP_TOOLS_NAME_2,DESKTOP_TOOLS_LEV_CODE_2,DESKTOP_TOOLS_LEV_NAME_2,SALARY_SUPPLEMENT_CODE_1,SALARY_SUPPLEMENT_NAME_1,SALARY_SUPPLEMENT_CODE_2,SALARY_SUPPLEMENT_NAME_2,WORKING_LOCATION_TYPE_CODE,WORKING_LOCATION_TYPE_NAME,WORKING_LOCATION_NAME,COUNTRY_CODE,COUNTRY_NAME,REGION_CODE,REGION_NAME,DEPARTEMENT_CODE,DEPARTEMENT_NAME,CITY_CODE,CITY_NAME,POSTCODE,SUB_CONTINENT_CODE,SUB_CONTINENT_NAME,CONTINENT_CODE,CONTINENT_NAME,DISABLED_ACCESSIBILITY,ANNUAL_MINIMUM_SALARY,ANNUAL_MAXIMUM_SALARY,TRAVEL_FREQUENCY_CODE,TRAVEL_FREQUENCY_NAME,TRAVEL_FREQUENCY_COMMENT,TRAVEL_TYPE_CODE,TRAVEL_TYPE_NAME,TRAVEL_TYPE_COMMENT,EM_INTERVIEW_MODALITY_CODE,EM_INTERVIEW_MODALITY_NAME,SERVICE_TYPE_CODE,SERVICE_TYPE_NAME,FLAG_RELATION,MONITORING_AGENCY_CODE,EMPLOYER_CONSENT,NUMBER_OF_APPLICATION,NB_VACANCIES_LEFT,LATITUDE,LONGITUDE,WORKFORCE
"1","EC","En cours","D","Débutant accepté","","","","","K1302","Assistance auprès d'adultes","11256","Assistant / Assistante de vie auprès de personnes âgées","E1","Contrat tout public","CDI","CDI","","","","H","Horaire","10.15","","EU","Euros","","","8121Z","Nettoyage courant des bâtiments","13/01/20","27/03/20","2","Ouvrier spécialisé","AUT","Autre","NOR","Horaires normaux","","","24","","102066","107443;107661;107662;107920;117915;120690","","NV5","CAP, BEP ou équivalent","44028","Auxiliaire vie sociale","","S","souhaité","","","","","","","","","","","","","","","","","","","","B","B - Véhicule léger","E","exigé","","","","","","","","","","","","","","","","","CO","Une commune","LUNEVILLE","01","FRANCE","44","Grand Est","54","MEURTHE-ET-MOSELLE","","","","","N","12667.2","","","","","","","","MEL","Envoyer votre CV par mail","ACP","En accompagnement sans prÃ©sÃ©lection","0","N","7","1",
"1","EC","En cours","E","Expérience exigée","3","","AN","An(s)","D1402","Relation commerciale grands comptes et entreprises","11378","Attaché commercial / Attachée commerciale en clientèle d'entreprises","E1","Contrat tout public","CDI","CDI","","","","A","Annuel","30000","36000","EU","Euros","12","","7810Z","Activités des agences de placement de main-d'oeuvre","02/04/20","02/04/20","8","Agent de maîtrise","AUT","Autre","NOR","Horaires normaux","","","35","","","","","","","","","","","","","","","","","","","","","","","","","","","","","","","","","","","","","","","","","","","","","","","","","","","RG","Une région","Provence-Alpes-Côte d'Azur","01","FRANCE","93","Provence-Alpes-Côte d'Azur","","","","","","","N","30000","36000","","","","","","","MEL","Envoyer votre CV par mail","APP","En appui","0","N","1","1",
"1","EC","En cours","E","Expérience exigée","3","","MO","Mois","D1507","Mise en rayon libre-service","14778","Employé / Employée de rayon","E1","Contrat tout public","CDD","CDD","MO","Mois","9","H","Horaire","10.2","11.84","EU","Euros","12","","8542Z","Enseignement supérieur","20/04/20","20/04/20","3","Ouvrier qualifié (P1,P2)","AUT","Autre","NOR","Horaires normaux","","","25","","","117532;117547;119851;121228;121230","","","","","","","","","","","","","","","","","","","","","","","","","","","","","","","","","","","","","","","","","","","","","","","","CO","Une commune","TOURCOING","01","FRANCE","32","Hauts-de-France","59","NORD","","","","","N","13260","15392","","","","","","","MEL","Envoyer votre CV par mail","APP","En appui","0","N","4","1",
"1","EC","En cours","D","Débutant accepté","","","","","M1501","Assistanat en ressources humaines","11235","Assistant / Assistante de gestion en ressources humaines","E1","Contrat tout public","MIS","Interim","MO","Mois","3","H","Horaire","11","12","EU","Euros","12","","7820Z","Activités des agences de travail temporaire","06/04/20","06/04/20","6","Employé qualifié","AUT","Autre","NOR","Horaires normaux","","","35","","100343","119320;119324;122252;124607","","NV2","Bac+3, Bac+4 ou équivalent","33054","Ressources humaines","","E","exigé","","","","","","","","","","","","","","","","","","","","","","","","","","","","","","","","","","","","","","","","CO","Une commune","SOLLIES PONT","01","FRANCE","93","Provence-Alpes-Côte d'Azur","83","VAR","","","","","N","20020","21840","","","","","","","MEL","Envoyer votre CV par mail","APP","En appui","0","N","11","1",
"1","EC","En cours","E","Expérience exigée","4","","AN","An(s)","M1705","Marketing","19125","Responsable marketing","E1","Contrat tout public","CDI","CDI","","","","A","Annuel","35000","45000","EU","Euros","12","","8542Z","Enseignement supérieur","20/04/20","20/04/20","9","Cadre","AUT","Autre","NOR","Horaires normaux","","","40","","","117327;118742;118743;120914;122454","","","","","","","","","","","","","","","","","","","","","","","","","","","","","","","","","","","","","","","","","","","","","","","","CO","Une commune","PALAISEAU","01","FRANCE","11","Ile-de-France","91","ESSONNE","","","","","N","35000","45000","","","","","","","MEL","Envoyer votre CV par mail","APP","En appui","0","N","4","1",
"1","EC","En cours","E","Expérience exigée","2","","AN","An(s)","N1101","Conduite d'engins de déplacement des charges","11679","Cariste","E1","Contrat tout public","MIS","Interim","MO","Mois","1","H","Horaire","10.15","11","EU","Euros","12","","7820Z","Activités des agences de travail temporaire","17/04/20","20/04/20","6","Employé qualifié","AUT","Autre","NOR","Horaires normaux","","","35","","","109987;114765;119848;119849;120405","","","","","","","","","","","","","","","","","","","","","","","","","","","","","","","","","","","","","","","","","","","","","","","","CO","Une commune","TOURS","01","FRANCE","24","Centre-Val de Loire","37","INDRE-ET-LOIRE","","","","","N","18473","20020","","","","","","","MEL","Envoyer votre CV par mail","APP","En appui","0","N","","1",
"1","EC","En cours","E","Expérience exigée","2","","AN","An(s)","F1608","Pose de revêtements rigides","11692","Carreleur-faïencier / Carreleuse-faïencière","E1","Contrat tout public","CDI","CDI","","","","M","Mensuel","1700","2000","EU","Euros","12","","4333Z","Travaux de revêtement des sols et des murs","18/04/20","20/04/20","3","Ouvrier qualifié (P1,P2)","AUT","Autre","NOR","Horaires normaux","","","35","","100800;103614","121971;123249;123250","","","","","","","","","","","","","","","","","","","","","","","","","","","","","","","","","","","","","","","","","","","","","","","","CO","Une commune","SURGERES","01","FRANCE","75","Nouvelle-Aquitaine","17","CHARENTE-MARITIME","","","","","N","20400","24000","4","Quotidiens","","2","Régional","","MEL","Envoyer votre CV par mail","APP","En appui","0","N","","1",
"1","EC","En cours","E","Expérience exigée","5","","AN","An(s)","I1102","Management et ingénierie de maintenance industrielle","18789","Responsable de maintenance industrielle","E1","Contrat tout public","CDI","CDI","","","","M","Mensuel","2500","3200","EU","Euros","12","","7820Z","Activités des agences de travail temporaire","17/04/20","17/04/20","8","Agent de maîtrise","AUT","Autre","NOR","Horaires normaux","","","39","","","106607;123617;124814;125310;125311","","NV1","Bac+5 et plus ou équivalent","0","Pas de domaine","","E","exigé","","","","","","","","","","","","","","","","","","","","","","","","","","","","","","","","","","","","","","","","DT","Un département","Réunion","01","FRANCE","04","La Réunion","974","REUNION","","","","","N","30000","38400","","","","","","","MEL","Envoyer votre CV par mail","APP","En appui","0","N","8","1",
"1","EC","En cours","S","Expérience souhaitée","4","","AN","An(s)","D1406","Management en force de vente","14389","Directeur / Directrice des ventes","E1","Contrat tout public","MIS","Interim","MO","Mois","4","A","Annuel","40000","","EU","Euros","12","","7820Z","Activités des agences de travail temporaire","20/04/20","20/04/20","8","Agent de maîtrise","AUT","Autre","NOR","Horaires normaux","","","35","","","","","","","","","","","","","","","","","","","","","","","","","","","","","","","","","","","","","","","","","","","","","","","","","","","CO","Une commune","COURBEVOIE","01","FRANCE","11","Ile-de-France","92","HAUTS-DE-SEINE","","","","","N","40000","","","","","","","","MEL","Envoyer votre CV par mail","APP","En appui","0","N","","1",
"1","EC","En cours","E","Expérience exigée","3","","AN","An(s)","H1203","Conception et dessin produits mécaniques","14056","Dessinateur / Dessinatrice en construction métallique","E1","Contrat tout public","CDI","CDI","","","","X","Autre","","","EU","Euros","","Selon Profil","7810Z","Activités des agences de placement de main-d'oeuvre","01/04/20","01/04/20","8","Agent de maîtrise","AUT","Autre","NOR","Horaires normaux","","","35","","","104407;104408;104419;104420;104421","","","","","","","","","","","","","","","","","","","","","","","","","","","","","","","","","","","","","","","","","","","","0","Autre","","","CO","Une commune","NOYAL MUZILLAC","01","FRANCE","53","Bretagne","56","MORBIHAN","","","","","N","","","","","","","","","MEL","Envoyer votre CV par mail","APP","En appui","0","N","1","1",
"1","EC","En cours","D","Débutant accepté","","","","","D1301","Management de magasin de détail","18782","Responsable de magasin de proximité","E1","Contrat tout public","CDI","CDI","","","","M","Mensuel","2890","3568","EU","Euros","13","","5210A","Entreposage et stockage frigorifique","02/04/20","03/04/20","8","Agent de maîtrise","AUT","Autre","NOR","Horaires normaux","","","42","","","116932;117468;117547;117548;125971","","","","","","","","","","","","","","","","","","","","","","","","","","","","B","B - Véhicule léger","E","exigé","","","","","","","","","","","","","","","","","CO","Une commune","PITRES","01","FRANCE","28","Normandie","27","EURE","","","","","N","34680","42816","","","","","","","URL","","APP","En appui","0","N","3","1",
"1","EC","En cours","D","Débutant accepté","","","","","J1301","Personnel polyvalent des services hospitaliers","10698","Agent / Agente des services hospitaliers","E1","Contrat tout public","CDD","CDD","MO","Mois","1","M","Mensuel","1539.42","","EU","Euros","12","","8730A","Hébergement social pour personnes âgées","17/04/20","17/04/20","5","Employé non qualifié","AUT","Autre","VAR","Horaires variables","","en fonction des besoins","35","","107329","107327;107333;124543;125971;126384","","","","","","","","","","","","","","","","","","","","","","","","","","","","","","","","","","","","","","","","","","","","","","","","CO","Une commune","CHAMPEIX","01","FRANCE","84","Auvergne-Rhône-Alpes","63","PUY-DE-DOME","","","","","N","18473.04","","","","","","","","MEL","Envoyer votre CV par mail","APP","En appui","0","N","13","1",
"1","EC","En cours","D","Débutant accepté","","","","","K1304","Services domestiques","10857","Aide ménager / ménagère à domicile","E1","Contrat tout public","CDD","CDD","MO","Mois","1","H","Horaire","10.15","10.5","EU","Euros","12","","8810A","Aide à domicile","03/04/20","16/04/20","5","Employé non qualifié","AUT","Autre","NOR","Horaires normaux","","","2","","102096","107948;116932;120699;124543","","","","","","","","","","","","","","","","","","","","","","","","","","","","","","","","","","","","","","","","","","","","","","","","CO","Une commune","VILLEFRANCHE DE ROUERGUE","01","FRANCE","76","Occitanie","12","AVEYRON","","","","","N","1055.6","1092","","","","","","","URL","","APP","En appui","0","N","1","1",
"1","EC","En cours","E","Expérience exigée","6","","MO","Mois","J1301","Personnel polyvalent des services hospitaliers","10395","Agent / Agente de bio nettoyage hospitalier","E1","Contrat tout public","CDD","CDD","MO","Mois","1","H","Horaire","10.15","","EU","Euros","","","8710A","Hébergement médicalisé pour personnes âgées","14/04/20","20/04/20","5","Employé non qualifié","AUT","Autre","VAR","Horaires variables","","","35","","","107327;116932;122752;124543;126384","","","","","","","","","","","","","","","","","","","","","","","","","","","","","","","","","","","","","","","","","","","","","","","","CO","Une commune","NEGREPELISSE","01","FRANCE","76","Occitanie","82","TARN-ET-GARONNE","","","","","N","18473","","","","","","","","MEL","Envoyer votre CV par mail","ACP","En accompagnement sans prÃ©sÃ©lection","0","N","16","1",
"1","EC","En cours","E","Expérience exigée","1","","AN","An(s)","A1405","Arboriculture et viticulture","17540","Ouvrier viticole / Ouvrière viticole","E1","Contrat tout public","CDI","CDI","","","","M","Mensuel","1550","1600","EU","Euros","12","","0121Z","Culture de la vigne","07/04/20","14/04/20","2","Ouvrier spécialisé","AUT","Autre","NOR","Horaires normaux","","","35","","100039;122826;122827;122828","122825","","","","","","","","","","","","","","","","","","","","","","","","","","","","","","","","","","","","","","","","","","","","","","","","CO","Une commune","PUYLOUBIER","01","FRANCE","93","Provence-Alpes-Côte d'Azur","13","BOUCHES-DU-RHONE","","","","","N","18600","19200","","","","","","","MEL","Envoyer votre CV par mail","ACC","En accompagnement avec prÃ©sÃ©lection","0","N","13","1",
"1","EC","En cours","E","Expérience exigée","2","","AN","An(s)","H2913","Soudage manuel","19468","Soudeur / Soudeuse Metal Inert Gas -MIG-","E1","Contrat tout public","CDD","CDD","MO","Mois","6","H","Horaire","11","16","EU","Euros","","","2512Z","Fabrication de portes et fenêtres en métal","09/03/20","10/04/20","3","Ouvrier qualifié (P1,P2)","AUT","Autre","NOR","Horaires normaux","","","35","","","106258;106259;120277;123564;126180","","","","","","","","","","","","","","","","","","","","","","","","","","","","B","B - Véhicule léger","E","exigé","","","","","","","","","","","","","","","","","CO","Une commune","TOURCOING","01","FRANCE","32","Hauts-de-France","59","NORD","","","","","N","20020","29120","4","Quotidiens","","2","Régional","","MEL","Envoyer votre CV par mail","ACP","En accompagnement sans prÃ©sÃ©lection","0","N","6","1",
"1","EC","En cours","E","Expérience exigée","1","","AN","An(s)","K1104","Psychologie","38675","Psychologue","E1","Contrat tout public","CDD","CDD","MO","Mois","12","M","Mensuel","2550","","EU","Euros","12","","8423Z","Justice","30/03/20","14/04/20","8","Agent de maîtrise","AUT","Autre","NOR","Horaires normaux","","","37","30","","119599","","NV1","Bac+5 et plus ou équivalent","14454","Psychologie","","E","exigé","","","","","","","","","","","","","","","","","","","","B","B - Véhicule léger","E","exigé","","","","","","","","","","","","","","","","","DT","Un département","Belfort (Territoire de)","01","FRANCE","27","Bourgogne-Franche-Comté","90","TERRITOIRE DE BELFORT","","","","","N","30600","","","","","","","","MEL","Envoyer votre CV par mail","APP","En appui","0","N","2","1",
"1","EC","En cours","E","Expérience exigée","1","","AN","An(s)","G1202","Animation d'activités culturelles ou ludiques","38058","Responsable d'animation en centre de vacances","EE","Contrat d'Engagement Educatif","CDD","CDD","MO","Mois","1","M","Mensuel","1800","1850","EU","Euros","12","70€/jours convention ALISFA","9499Z","Autres organisations fonctionnant par adhésion volontaire","09/04/20","09/04/20","9","Cadre","AUT","Autre","","","","","35","","100090;100541;103848;103872;118975;120246","103888;103889;103890;103891;103892;103894","","NV4","Bac ou équivalent","44067","Animation socioculturelle","BAFD ou  BPJEPS LTP ou UCC","E","exigé","","","","","","","","","","","","","","","","","","","","B","B - Véhicule léger","E","exigé","","","","","","","","","","","","","0","Autre","","","CO","Une commune","ROCHEFORT","01","FRANCE","75","Nouvelle-Aquitaine","17","CHARENTE-MARITIME","","","","","N","21600","22200","","","","","","","MEL","Envoyer votre CV par mail","APP","En appui","0","N","2","1",
"1","EC","En cours","E","Expérience exigée","1","","AN","An(s)","G1602","Personnel de cuisine","13861","Cuisinier / Cuisinière","E1","Contrat tout public","CDI","CDI","","","","X","Autre","","","EU","Euros","","selon profil","5610A","Restauration traditionnelle","04/03/20","15/04/20","3","Ouvrier qualifié (P1,P2)","EQU","Travail en équipe","","","","","39","","122435","104207;124919;124933;124934;124947","","NV5","CAP, BEP ou équivalent","42752","Cuisine","","E","exigé","","","","","","","","","","","","","","","","","","","","","","","","","","","","","","","","","","","","0","Autre","","","CO","Une commune","PONT DU CHATEAU","01","FRANCE","84","Auvergne-Rhône-Alpes","63","PUY-DE-DOME","","","","","N","20584.2","21360","","","","","","","MEL","Envoyer votre CV par mail","ACP","En accompagnement sans prÃ©sÃ©lection","0","N","22","1",
"1","EC","En cours","D","Débutant accepté","","","","","G1602","Personnel de cuisine","15428","Grillardin / Grillardine","E1","Contrat tout public","CDI","CDI","","","","H","Horaire","10.15","","EU","Euros","","","5610A","Restauration traditionnelle","09/04/20","09/04/20","6","Employé qualifié","AUT","Autre","VAR","Horaires variables","","","35","","","104207;124548;124629;124902;124919","","","","","","","","","","","","","","","","","","","","","","","","","","","","","","","","","","","","","","","","","","","","","","","","CO","Une commune","CHAINTRE","01","FRANCE","27","Bourgogne-Franche-Comté","71","SAONE-ET-LOIRE","","","","","N","18473","","","","","","","","MEL","Envoyer votre CV par mail","ACP","En accompagnement sans prÃ©sÃ©lection","0","N","3","1",
"1","EC","En cours","D","Débutant accepté","","","","","J1506","Soins infirmiers généralistes","38222","Infirmier / Infirmière en gériatrie","E1","Contrat tout public","CDD","CDD","MO","Mois","3","M","Mensuel","2300.4","2400","EU","Euros","12","","8710A","Hébergement médicalisé pour personnes âgées","12/03/20","17/04/20","7","Technicien","AUT","Autre","NOR","Horaires normaux","","","35","","","107736;107737;107738;107739;107740","","","","","","","","","","","","","","","","","","","","","","","","","","","","","","","","","","","","","","","","","","","","","","","","CO","Une commune","LA TESTE DE BUCH","01","FRANCE","75","Nouvelle-Aquitaine","33","GIRONDE","","","","","N","27604.8","28800","","","","","","","MEL","Envoyer votre CV par mail","APP","En appui","0","N","2","1",
"1","EC","En cours","D","Débutant accepté","","","","","N4103","Conduite de transport en commun sur route","12903","Conducteur / Conductrice de car","E1","Contrat tout public","CDI","CDI","","","","H","Horaire","10.61","","EU","Euros","12","","4939A","Transports routiers réguliers de voyageurs","02/04/20","03/04/20","5","Employé non qualifié","AUT","Autre","NOR","Horaires normaux","","","35","","","110523;110526;110527","","","","","","","","","","","","","","","","","","","","","","","","","","","","D","D - Transport de personnes","E","exigé","","","","","","","","","","","","","","","","","CO","Une commune","ARGENT SUR SAULDRE","01","FRANCE","24","Centre-Val de Loire","18","CHER","","","","","N","19310.2","","","","","","","","MEL","Envoyer votre CV par mail","APP","En appui","0","N","","1",
"1","EC","En cours","D","Débutant accepté","","","","","K1302","Assistance auprès d'adultes","11456","Auxiliaire de Vie Sociale -AVS-","E1","Contrat tout public","CDI","CDI","","","","H","Horaire","10.15","11.15","EU","Euros","12","","8810A","Aide à domicile","16/04/20","20/04/20","6","Employé qualifié","AUT","Autre","NOR","Horaires normaux","","","35","","102096","107661;107662;107920;107923","","","","","","","","","","","","","","","","","","","","","","","","","","","","","","","","","","","","","","","","","","","","","","","","CO","Une commune","SEVREMOINE","01","FRANCE","52","Pays de la Loire","49","MAINE-ET-LOIRE","","","","","N","18473","20293","","","","","","","MEL","Envoyer votre CV par mail","APP","En appui","0","N","2","1",
"1","EC","En cours","D","Débutant accepté","","","","","K1302","Assistance auprès d'adultes","11456","Auxiliaire de Vie Sociale -AVS-","E1","Contrat tout public","CDI","CDI","","","","H","Horaire","10.15","11.15","EU","Euros","12","","8810A","Aide à domicile","16/04/20","20/04/20","6","Employé qualifié","AUT","Autre","NOR","Horaires normaux","","","35","","102096","107661;107662;107920;107923","","","","","","","","","","","","","","","","","","","","","","","","","","","","","","","","","","","","","","","","","","","","","","","","CO","Une commune","SEVREMOINE","01","FRANCE","52","Pays de la Loire","49","MAINE-ET-LOIRE","","","","","N","18473","20293","","","","","","","MEL","Envoyer votre CV par mail","APP","En appui","0","N","2","1",
"1","EC","En cours","D","Débutant accepté","","","","","K1302","Assistance auprès d'adultes","11456","Auxiliaire de Vie Sociale -AVS-","E1","Contrat tout public","CDI","CDI","","","","H","Horaire","10.15","11.15","EU","Euros","12","","8810A","Aide à domicile","16/04/20","20/04/20","6","Employé qualifié","AUT","Autre","NOR","Horaires normaux","","","35","","102096","107661;107662;107920;107923","","","","","","","","","","","","","","","","","","","","","","","","","","","","","","","","","","","","","","","","","","","","","","","","CO","Une commune","SEVREMOINE","01","FRANCE","52","Pays de la Loire","49","MAINE-ET-LOIRE","","","","","N","18473","20293","","","","","","","MEL","Envoyer votre CV par mail","APP","En appui","0","N","2","1",
"1","EC","En cours","D","Débutant accepté","","","","","K1302","Assistance auprès d'adultes","11456","Auxiliaire de Vie Sociale -AVS-","E1","Contrat tout public","CDI","CDI","","","","H","Horaire","10.15","11.15","EU","Euros","12","","8810A","Aide à domicile","16/04/20","20/04/20","6","Employé qualifié","AUT","Autre","NOR","Horaires normaux","","","35","","102096","107661;107662;107920;107923","","","","","","","","","","","","","","","","","","","","","","","","","","","","","","","","","","","","","","","","","","","","","","","","CO","Une commune","SEVREMOINE","01","FRANCE","52","Pays de la Loire","49","MAINE-ET-LOIRE","","","","","N","18473","20293","","","","","","","MEL","Envoyer votre CV par mail","APP","En appui","0","N","2","1",
"1","EC","En cours","D","Débutant accepté","","","","","K1302","Assistance auprès d'adultes","11456","Auxiliaire de Vie Sociale -AVS-","E1","Contrat tout public","CDI","CDI","","","","H","Horaire","10.15","11.15","EU","Euros","12","","8810A","Aide à domicile","16/04/20","20/04/20","6","Employé qualifié","AUT","Autre","NOR","Horaires normaux","","","35","","102096","107661;107662;107920;107923","","","","","","","","","","","","","","","","","","","","","","","","","","","","","","","","","","","","","","","","","","","","","","","","CO","Une commune","SEVREMOINE","01","FRANCE","52","Pays de la Loire","49","MAINE-ET-LOIRE","","","","","N","18473","20293","","","","","","","MEL","Envoyer votre CV par mail","APP","En appui","0","N","2","1",
"1","EC","En cours","D","Débutant accepté","","","","","K1302","Assistance auprès d'adultes","11456","Auxiliaire de Vie Sociale -AVS-","E1","Contrat tout public","CDI","CDI","","","","H","Horaire","10.15","11.15","EU","Euros","12","","8810A","Aide à domicile","16/04/20","20/04/20","6","Employé qualifié","AUT","Autre","NOR","Horaires normaux","","","35","","102096","107661;107662;107920;107923","","","","","","","","","","","","","","","","","","","","","","","","","","","","","","","","","","","","","","","","","","","","","","","","CO","Une commune","SEVREMOINE","01","FRANCE","52","Pays de la Loire","49","MAINE-ET-LOIRE","","","","","N","18473","20293","","","","","","","MEL","Envoyer votre CV par mail","APP","En appui","0","N","2","1",
"1","EC","En cours","D","Débutant accepté","","","","","K1302","Assistance auprès d'adultes","11456","Auxiliaire de Vie Sociale -AVS-","E1","Contrat tout public","CDI","CDI","","","","H","Horaire","10.15","11.15","EU","Euros","12","","8810A","Aide à domicile","16/04/20","20/04/20","6","Employé qualifié","AUT","Autre","NOR","Horaires normaux","","","35","","102096","107661;107662;107920;107923","","","","","","","","","","","","","","","","","","","","","","","","","","","","","","","","","","","","","","","","","","","","","","","","CO","Une commune","SEVREMOINE","01","FRANCE","52","Pays de la Loire","49","MAINE-ET-LOIRE","","","","","N","18473","20293","","","","","","","MEL","Envoyer votre CV par mail","APP","En appui","0","N","2","1",
"1","EC","En cours","D","Débutant accepté","","","","","K1302","Assistance auprès d'adultes","11456","Auxiliaire de Vie Sociale -AVS-","E1","Contrat tout public","CDI","CDI","","","","H","Horaire","10.15","11.15","EU","Euros","12","","8810A","Aide à domicile","16/04/20","20/04/20","6","Employé qualifié","AUT","Autre","NOR","Horaires normaux","","","35","","102096","107661;107662;107920;107923","","","","","","","","","","","","","","","","","","","","","","","","","","","","","","","","","","","","","","","","","","","","","","","","CO","Une commune","SEVREMOINE","01","FRANCE","52","Pays de la Loire","49","MAINE-ET-LOIRE","","","","","N","18473","20293","","","","","","","MEL","Envoyer votre CV par mail","APP","En appui","0","N","2","1",
"1","EC","En cours","D","Débutant accepté","","","","","K1302","Assistance auprès d'adultes","11456","Auxiliaire de Vie Sociale -AVS-","E1","Contrat tout public","CDI","CDI","","","","H","Horaire","10.15","11.15","EU","Euros","12","","8810A","Aide à domicile","16/04/20","20/04/20","6","Employé qualifié","AUT","Autre","NOR","Horaires normaux","","","35","","102096","107661;107662;107920;107923","","","","","","","","","","","","","","","","","","","","","","","","","","","","","","","","","","","","","","","","","","","","","","","","CO","Une commune","SEVREMOINE","01","FRANCE","52","Pays de la Loire","49","MAINE-ET-LOIRE","","","","","N","18473","20293","","","","","","","MEL","Envoyer votre CV par mail","APP","En appui","0","N","2","1",
"1","EC","En cours","D","Débutant accepté","","","","","K1302","Assistance auprès d'adultes","11456","Auxiliaire de Vie Sociale -AVS-","E1","Contrat tout public","CDI","CDI","","","","H","Horaire","10.15","11.15","EU","Euros","12","","8810A","Aide à domicile","16/04/20","20/04/20","6","Employé qualifié","AUT","Autre","NOR","Horaires normaux","","","35","","102096","107661;107662;107920;107923","","","","","","","","","","","","","","","","","","","","","","","","","","","","","","","","","","","","","","","","","","","","","","","","CO","Une commune","SEVREMOINE","01","FRANCE","52","Pays de la Loire","49","MAINE-ET-LOIRE","","","","","N","18473","20293","","","","","","","MEL","Envoyer votre CV par mail","APP","En appui","0","N","2","1",
"1","EC","En cours","D","Débutant accepté","","","","","J1305","Conduite de véhicules sanitaires","10927","Ambulancier / Ambulancière","E1","Contrat tout public","CDI","CDI","","","","M","Mensuel","1540","","EU","Euros","12","","8690A","Ambulances","14/04/20","14/04/20","6","Employé qualifié","AUT","Autre","NOR","Horaires normaux","","","35","","","107387;107388;123201;124388","","NV4","Bac ou équivalent","0","Pas de domaine","Diplôme état ambulancier ou auxiliai","E","exigé","","","","","","","","","","","","","","","","","","","","B","B - Véhicule léger","E","exigé","","","","","","","","","","","","","","","","","CO","Une commune","LE CHESNAY et alentours","01","FRANCE","11","Ile-de-France","78","YVELINES","","","","","N","18480","","","","","","","","MEL","Envoyer votre CV par mail","ACP","En accompagnement sans prÃ©sÃ©lection","0","N","2","1",
"1","EC","En cours","D","Débutant accepté","","","","","J1305","Conduite de véhicules sanitaires","10927","Ambulancier / Ambulancière","E1","Contrat tout public","CDI","CDI","","","","M","Mensuel","1540","","EU","Euros","12","","8690A","Ambulances","14/04/20","14/04/20","6","Employé qualifié","AUT","Autre","NOR","Horaires normaux","","","35","","","107387;107388;123201;124388","","NV4","Bac ou équivalent","0","Pas de domaine","Diplôme état ambulancier ou auxiliai","E","exigé","","","","","","","","","","","","","","","","","","","","B","B - Véhicule léger","E","exigé","","","","","","","","","","","","","","","","","CO","Une commune","LE CHESNAY et alentours","01","FRANCE","11","Ile-de-France","78","YVELINES","","","","","N","18480","","","","","","","","MEL","Envoyer votre CV par mail","ACP","En accompagnement sans prÃ©sÃ©lection","0","N","2","1",
"1","EC","En cours","D","Débutant accepté","","","","","N1101","Conduite d'engins de déplacement des charges","11679","Cariste","E1","Contrat tout public","MIS","Interim","MO","Mois","6","H","Horaire","10.15","11","EU","Euros","12","","7820Z","Activités des agences de travail temporaire","17/02/20","25/03/20","5","Employé non qualifié","AUT","Autre","NOR","Horaires normaux","","","35","","","109987;114765;119848;119849;120405","","","","","","","","","","","","","","","","","","","","","","","","","","","","","","","","","","","","","","","","","","","","","","","","CO","Une commune","BAYEUX","01","FRANCE","28","Normandie","14","CALVADOS","","","","","N","18473","20020","","","","","","","MEL","Envoyer votre CV par mail","APP","En appui","0","N","4","1",
"1","EC","En cours","D","Débutant accepté","","","","","K1304","Services domestiques","10805","Aide à domicile","E1","Contrat tout public","CDI","CDI","","","","H","Horaire","10.15","10.5","EU","Euros","12","","8810A","Aide à domicile","03/04/20","03/04/20","5","Employé non qualifié","AUT","Autre","NOR","Horaires normaux","","","30","","102096","107948;116932;120699;124543","","","","","","","","","","","","","","","","","","","","","","","","","","","","B","B - Véhicule léger","E","exigé","","","","","","","","","","","","","","","","","CO","Une commune","YZERNAY","01","FRANCE","52","Pays de la Loire","49","MAINE-ET-LOIRE","","","","","N","15834","16380","","","","","","","URL","","APP","En appui","0","N","2","1",
"1","EC","En cours","E","Expérience exigée","1","","AN","An(s)","N1303","Intervention technique d'exploitation logistique","11097","Approvisionneur / Approvisionneuse logistique","E1","Contrat tout public","CDI","CDI","","","","H","Horaire","10.15","","EU","Euros","13","","4711D","Supermarchés","24/02/20","15/04/20","6","Employé qualifié","AUT","Autre","NOR","Horaires normaux","","Possibilité temps plein","20","","","119858;120982;123552;124009;124578","","","","","","","","","","","","","","","","","","","","","","","","","","","","","","","","","","","","","","","","","","","","","","","","CO","Une commune","MERICOURT","01","FRANCE","32","Hauts-de-France","62","PAS-DE-CALAIS","","","","","N","10556","19419.84","","","","","","","MEL","Envoyer votre CV par mail","ACP","En accompagnement sans prÃ©sÃ©lection","0","N","5","1",
"1","EC","En cours","D","Débutant accepté","","","","","G1605","Plonge en restauration","10826","Aide de cuisine","E1","Contrat tout public","SAI","Saisonnier","MO","Mois","2","H","Horaire","10.15","","EU","Euros","","","4722Z","Commerce de détail de viandes et de produits à base de viande en magasin spécialisé","06/04/20","06/04/20","3","Ouvrier qualifié (P1,P2)","AUT","Autre","NOR","Horaires normaux","","","39","","","104272;124548;124629;124902;124947","","","","","","","","","","","","","","","","","","","","","","","","","","","","","","","","","","","","","","","","","","","","","","","","CO","Une commune","PYLA SUR MER","01","FRANCE","75","Nouvelle-Aquitaine","33","GIRONDE","","","","","N","20584.2","","","","","","","","TEL","Téléphoner","APP","En appui","0","N","","1",
"1","EC","En cours","E","Expérience exigée","3","","AN","An(s)","H2901","Ajustement et montage de fabrication","16545","Mécanicien-outilleur / Mécanicienne-outilleuse","E1","Contrat tout public","CDI","CDI","","","","X","Autre","","","EU","Euros","","Selon profil et expérience","7810Z","Activités des agences de placement de main-d'oeuvre","08/04/20","08/04/20","4","Ouvrier qualifié (P3,P4,OHQ)","AUT","Autre","NOR","Horaires normaux","","","39","","","105933;105935;105936;105937;105938","","","","","","","","","","","","","","","","","","","","","","","","","","","","","","","","","","","","","","","","","","","","0","Autre","","","CO","Une commune","VOUGY","01","FRANCE","84","Auvergne-Rhône-Alpes","74","HAUTE-SAVOIE","","","","","N","","","","","","","","","MEL","Envoyer votre CV par mail","APP","En appui","0","N","2","1",
"1","EC","En cours","E","Expérience exigée","5","","AN","An(s)","F1607","Pose de fermetures menuisées","12468","Chef d'équipe en pose de menuiseries","E1","Contrat tout public","CDI","CDI","","","","M","Mensuel","2097","2487","EU","Euros","12","","4673A","Commerce de gros (commerce interentreprises) de bois et de matériaux de construction","23/10/19","20/03/20","3","Ouvrier qualifié (P1,P2)","AUT","Autre","NOR","Horaires normaux","","","39","","","103592;121168;123243;124331","","","","","","","","","","","","","","","","","","","","","","","","","","","","B","B - Véhicule léger","E","exigé","EB","EB - Véhicule léger + remorque","S","souhaité","","","","","","","","","7","Mutuelle","8","Restauration","CO","Une commune","MOLLEGES","01","FRANCE","93","Provence-Alpes-Côte d'Azur","13","BOUCHES-DU-RHONE","","","","","N","25164","29844","2","Ponctuels","","1","Départemental","","MEL","Envoyer votre CV par mail","ACP","En accompagnement sans prÃ©sÃ©lection","0","N","5","1",
"1","EC","En cours","E","Expérience exigée","3","","AN","An(s)","G1401","Assistance de direction d'hôtel-restaurant","10296","Adjoint / Adjointe du directeur / de la directrice en hôtellerie-restauration","E1","Contrat tout public","CDI","CDI","","","","M","Mensuel","2916","2916.01","EU","Euros","12","","7022Z","Conseil pour les affaires et autres conseils de gestion","17/04/20","17/04/20","9","Cadre","AUT","Autre","NOR","Horaires normaux","","","42","","100340;100341;100343;100541;101388;101716;101767;101782;104099;104100;118975;119000;119508;119842;120010;120581;122435","116932;117146;117532;118069;119860;120230;120595;121060;121796;121912;122183;122313;122459;122482;124524;124780;125971","","","","","","","","","","","","","","","","","","","","","","","","","","","","","","","","","","","","","","","","","","","","1","Primes","7","Mutuelle","DT","Un département","Paris (Dept.)","01","FRANCE","11","Ile-de-France","75","PARIS","","","","","N","34992","34992.12","1","Jamais","","","","","MEL","Envoyer votre CV par mail","APP","En appui","0","N","12","1",
"1","EC","En cours","E","Expérience exigée","2","","AN","An(s)","H2913","Soudage manuel","19458","Soudeur / Soudeuse à l'arc électrique","CC","CDI de chantier ou d'opération","CDI","CDI","","","","M","Mensuel","1630","1800","EU","Euros","13","","4213A","Construction d'ouvrages d'art","06/04/20","16/04/20","2","Ouvrier spécialisé","AUT","Autre","NOR","Horaires normaux","","","37","","","106258;106259;120277;123564;126180","","","","","","","","","","","","","","","","","","","","","","","","","","","","","","","","","","","","","","","","","","","","","","","","DT","Un département","Seine Saint Denis","01","FRANCE","11","Ile-de-France","93","SEINE-SAINT-DENIS","","","","","N","19560","21600","","","","","","","MEL","Envoyer votre CV par mail","ACP","En accompagnement sans prÃ©sÃ©lection","0","N","2","1",
"1","EC","En cours","E","Expérience exigée","3","","AN","An(s)","N4203","Intervention technique d'exploitation des transports routiers de marchandises","15018","Exploitant / Exploitante transport routier de marchandises","E1","Contrat tout public","CDI","CDI","","","","X","Autre","","","EU","Euros","","1800€ net + prime sur objectifs","4941B","Transports routiers de fret de proximité","20/09/19","07/04/20","6","Employé qualifié","AUT","Autre","NOR","Horaires normaux","","Astreinte le week-end","39","","","110429;110602;110603;110605;117368;119106;124620","","NV2","Bac+3, Bac+4 ou équivalent","34554","Commerce","","S","souhaité","NV3","Bac+2 ou équivalent","0","Pas de domaine","","S","souhaité","","","","","","","","","","","","","","","","","","","","","","","","","","","","","0","Autre","","","CO","Une commune","BETHENY","01","FRANCE","44","Grand Est","51","MARNE","","","","","N","","","2","Ponctuels","","1","Départemental","","MEL","Envoyer votre CV par mail","ACC","En accompagnement avec prÃ©sÃ©lection","0","N","4","1",
"1","EC","En cours","D","Débutant accepté","","","","","H2911","Réalisation de structures métalliques","16635","Métallier industriel / Métallière industrielle","E1","Contrat tout public","CDD","CDD","MO","Mois","12","A","Annuel","23000","33000","EU","Euros","12","","7112B","Ingénierie, études techniques","31/10/19","17/04/20","7","Technicien","EQU","Travail en équipe","","","","","39","","","106161;106214;123402;123602","","NV4","Bac ou équivalent","0","Pas de domaine","","S","souhaité","","","","","","","","AN","Anglais","3","Bon","E","exigé","","","","","","","","","","","","","","","","","","","","","","","1","Primes","5","Hébergement","PA","Un pays","Corée du Sud","8A","REPUBLIQUE DE COREE","","","","","9S","ASIE DU SUD EST","AS","ASIE","N","23000","33000","","","","","","","MEL","Envoyer votre CV par mail","ACP","En accompagnement sans prÃ©sÃ©lection","0","N","14","1",
"1","EC","En cours","E","Expérience exigée","3","","AN","An(s)","H1502","Management et ingénierie qualité industrielle","19066","Responsable en qualité industrielle","E1","Contrat tout public","CDI","CDI","","","","X","Autre","","","EU","Euros","","Selon profil et expérience","7810Z","Activités des agences de placement de main-d'oeuvre","08/04/20","08/04/20","4","Ouvrier qualifié (P3,P4,OHQ)","AUT","Autre","NOR","Horaires normaux","","","39","","","114647;123873;124680;124842;124843","","","","","","","","","","","","","","","","","","","","","","","","","","","","","","","","","","","","","","","","","","","","0","Autre","","","CO","Une commune","MARNAZ","01","FRANCE","84","Auvergne-Rhône-Alpes","74","HAUTE-SAVOIE","","","","","N","","","","","","","","","MEL","Envoyer votre CV par mail","APP","En appui","0","N","","1",
"1","EC","En cours","S","Expérience souhaitée","3","","AN","An(s)","M1203","Comptabilité","20208","Technicien / Technicienne paie","E1","Contrat tout public","CDI","CDI","","","","A","Annuel","28000","29340","EU","Euros","12","","7820Z","Activités des agences de travail temporaire","27/11/19","27/03/20","6","Employé qualifié","AUT","Autre","NOR","Horaires normaux","","","39","","","","","","","","","","","","","","","","","","","","","","","","","","","","","","","","","","","","","","","","","","","","","","","","","","","CO","Une commune","AVIGNON","01","FRANCE","93","Provence-Alpes-Côte d'Azur","84","VAUCLUSE","","","","","N","28000","29340","","","","","","","MEL","Envoyer votre CV par mail","APP","En appui","0","N","12","1",
"1","EC","En cours","D","Débutant accepté","","","","","K2204","Nettoyage de locaux","10669","Agent / Agente d'entretien de nettoyage industriel","E1","Contrat tout public","CDI","CDI","","","","H","Horaire","10.5","","EU","Euros","12","Négociable en fonction du profil","8122Z","Autres activités de nettoyage des bâtiments et nettoyage industriel","09/04/20","09/04/20","5","Employé non qualifié","AUT","Autre","NOR","Horaires normaux","","","35","","104167","108689;122706;124543;126141","","","","","","","","","","","","","","","","","","","","","","","","","","","","","","","","","","","","","","","","","","","","0","Autre","","","CO","Une commune","CHAILLAND","01","FRANCE","52","Pays de la Loire","53","MAYENNE","","","","","N","19110","18720","","","","","","","MEL","Envoyer votre CV par mail","ACC","En accompagnement avec prÃ©sÃ©lection","0","N","4","1",
"1","EC","En cours","S","Expérience souhaitée","2","","AN","An(s)","C1202","Analyse de crédits et risques bancaires","18345","Rédacteur / Rédactrice crédits bancaires","E1","Contrat tout public","MIS","Interim","MO","Mois","8","A","Annuel","35000","","EU","Euros","12","","7820Z","Activités des agences de travail temporaire","03/04/20","03/04/20","9","Cadre","AUT","Autre","NOR","Horaires normaux","","","35","","","","","NV1","Bac+5 et plus ou équivalent","41054","Banque assurance","","S","souhaité","","","","","","","","","","","","","","","","","","","","","","","","","","","","","","","","","","","","","","","","CO","Une commune","MAISONS ALFORT","01","FRANCE","11","Ile-de-France","94","VAL-DE-MARNE","","","","","N","35000","","1","Jamais","","","","","MEL","Envoyer votre CV par mail","APP","En appui","0","N","1","1",
"1","EC","En cours","D","Débutant accepté","","","","","M1302","Direction de petite ou moyenne entreprise","12022","Chef d'agence commerciale","NS","Emploi non salarié","LIB","Profession libérale","","","","X","Autre","","","EU","Euros","",".","7021Z","Conseil en relations publiques et communication","06/10/19","01/04/20","8","Agent de maîtrise","AUT","Autre","","","","","","","","121520","","","","","","","","","","","","","","","","","","","","","","","","","","","","","","","","","","","","","","","","","","","","0","Autre","","","RG","Une région","Provence-Alpes-Côte d'Azur","01","FRANCE","93","Provence-Alpes-Côte d'Azur","","","","","","","N","","","","","","","","","MEL","Envoyer votre CV par mail","ACP","En accompagnement sans prÃ©sÃ©lection","1","N","1","1",
"1","EC","En cours","E","Expérience exigée","10","","AN","An(s)","M1707","Stratégie commerciale","18595","Responsable commercial international / commerciale internationale","E1","Contrat tout public","CDI","CDI","","","","A","Annuel","70000","100000","EU","Euros","12","","7022Z","Conseil pour les affaires et autres conseils de gestion","08/04/20","08/04/20","9","Cadre","AUT","Autre","NOR","Horaires normaux","","","39","","119842;121470;121688","101370;121088;121364;122326;122534;122630;123182;124780","","","","","","","","","","","","","","","","AN","Anglais","1","Courant","E","exigé","","","","","","","","","","","","","","","","","","","","","","","2","Véhicule","5","Hébergement","PA","Un pays","Emirats Arabes Unis","3M","EMIRATS ARABES UNIS","","","","","9P","PAYS DU GOLFE","AS","ASIE","N","70000","100000","4","Quotidiens","","1","Départemental","","MEL","Envoyer votre CV par mail","APP","En appui","0","N","14","1",
"1","EC","En cours","D","Débutant accepté","","","","","D1402","Relation commerciale grands comptes et entreprises","11375","Attaché commercial / Attachée commerciale en biens de consommation auprès des entreprises","E1","Contrat tout public","CDI","CDI","","","","M","Mensuel","2500","4500","EU","Euros","12","","4619A","Centrales d'achat non alimentaires","16/04/20","17/04/20","6","Employé qualifié","AUT","Autre","NOR","Horaires normaux","","","35","","100541;118505;118507;121417;121706","102318;108293;117344;118581;120146;121759;122186","","","","","","","","","","","","","","","","","","","","","","","","","","","","B","B - Véhicule léger","E","exigé","","","","","","","","","","","","","","","","","DT","Un département","Rhône","01","FRANCE","84","Auvergne-Rhône-Alpes","69","RHONE","","","","","N","30000","54000","4","Quotidiens","","2","Régional","","MEL","Envoyer votre CV par mail","APP","En appui","0","N","1","1",
"1","EC","En cours","E","Expérience exigée","2","","AN","An(s)","I1302","Installation et maintenance d'automatismes","11440","Automaticien / Automaticienne d'installation","E1","Contrat tout public","CDI","CDI","","","","A","Annuel","35000","40000","EU","Euros","12","","7810Z","Activités des agences de placement de main-d'oeuvre","14/04/20","14/04/20","9","Cadre","AUT","Autre","NOR","Horaires normaux","","","35","","104415","","","","","","","","","","","","","","","","","","","","","","","","","","","","","","","","","","","","","","","","","","","","","","","","","CO","Une commune","AVIGNON","01","FRANCE","93","Provence-Alpes-Côte d'Azur","84","VAUCLUSE","","","","","N","35000","40000","","","","","","","URL","","APP","En appui","0","N","1","1",
"1","EC","En cours","E","Expérience exigée","2","","AN","An(s)","K1204","Médiation sociale et facilitation de la vie en société","16608","Médiateur social et culturel / Médiatrice sociale et culturelle","E1","Contrat tout public","CDD","CDD","MO","Mois","3","H","Horaire","10.15","","EU","Euros","","","8411Z","Administration publique générale","06/03/20","17/04/20","6","Employé qualifié","EQU","Travail en équipe","","","Du L au V (repos le mercredi)","","28","","100541;101506;101654;101949","107872;107874;109607;123829","","NV4","Bac ou équivalent","44067","Animation socioculturelle","","E","exigé","NV4","Bac ou équivalent","46338","Muséologie","","S","souhaité","","","","","","","","","","","","","","","","","","","","","","","","","","","","","","","","","CO","Une commune","AVIGNON","01","FRANCE","93","Provence-Alpes-Côte d'Azur","84","VAUCLUSE","","","","","N","14778.4","","","","","","","","MEL","Envoyer votre CV par mail","ACP","En accompagnement sans prÃ©sÃ©lection","0","N","8","1",
"1","EC","En cours","E","Expérience exigée","1","","AN","An(s)","K1207","Intervention socioéducative","14597","Éducateur spécialisé / Éducatrice spécialisée","E1","Contrat tout public","CDI","CDI","","","","M","Mensuel","2000","","EU","Euros","12","","8423Z","Justice","06/04/20","07/04/20","6","Employé qualifié","AUT","Autre","NOR","Horaires normaux","","","36","","117426","107904;107905;107907;107908","","NV2","Bac+3, Bac+4 ou équivalent","44092","Educateur spécialisé","","E","exigé","NV2","Bac+3, Bac+4 ou équivalent","44083","Assistant service social","","E","exigé","","","","","","","","","","","","","B","B - Véhicule léger","S","souhaité","","","","","","","","","","","","","","","","","CO","Une commune","COLMAR","01","FRANCE","44","Grand Est","68","HAUT-RHIN","","","","","N","24000","","2","Ponctuels","","2","Régional","","MEL","Envoyer votre CV par mail","APP","En appui","0","N","3","1",
"1","EC","En cours","D","Débutant accepté","","","","","K1303","Assistance auprès d'enfants","15196","Garde d'enfant à domicile","E1","Contrat tout public","CDI","CDI","","","","H","Horaire","10.15","","EU","Euros","12","","8810A","Aide à domicile","14/04/20","14/04/20","6","Employé qualifié","AUT","Autre","NOR","Horaires normaux","","","24","","","107371;107933;107935;107936;107937","","","","","","","","","","","","","","","","","","","","","","","","","","","","B","B - Véhicule léger","S","souhaité","","","","","","","","","","","","","","","","","CO","Une commune","LATTES","01","FRANCE","76","Occitanie","34","HERAULT","","","","","N","12667.2","","","","","","","","MEL","Envoyer votre CV par mail","APP","En appui","0","N","2","1",
"1","EC","En cours","E","Expérience exigée","2","","AN","An(s)","G1203","Animation de loisirs auprès d'enfants ou d'adolescents","10983","Animateur / Animatrice d'activités périscolaires","E1","Contrat tout public","CDI","CDI","","","","H","Horaire","12","","EU","Euros","12","","8411Z","Administration publique générale","09/12/19","15/04/20","6","Employé qualifié","AUT","Autre","NOR","Horaires normaux","","","35","","","103909;103910;103911;103912;103913;103922;113781;113817;114455","","NV3","Bac+2 ou équivalent","0","Pas de domaine","BAFA, BPJEPS, STAPS ou DUT CS","S","souhaité","","","","","","","","","","","","","","","","","","","","","","","","","","","","","","","","","","","","","","","","CO","Une commune","MONTMAGNY","01","FRANCE","11","Ile-de-France","95","VAL-D'OISE","","","","","N","21840","","","","","","","","MEL","Envoyer votre CV par mail","ACP","En accompagnement sans prÃ©sÃ©lection","0","N","16","1",
"1","EC","En cours","E","Expérience exigée","5","","AN","An(s)","F1201","Conduite de travaux du BTP et de travaux paysagers","13209","Conducteur / Conductrice de travaux","E1","Contrat tout public","CDI","CDI","","","","A","Annuel","35000","44000","EU","Euros","12","","4331Z","Travaux de plâtrerie","20/03/20","09/04/20","9","Cadre","AUT","Autre","NOR","Horaires normaux","","","39","","","117146;117520;117521;119109;126360","","","","","","","","","","","","","","","","","","","","","","","","","","","","B","B - Véhicule léger","E","exigé","","","","","","","","","","","","","1","Primes","2","Véhicule","CO","Une commune","EBERSHEIM","01","FRANCE","44","Grand Est","67","BAS-RHIN","","","","","N","35000","44000","3","Fréquents","","3","National","","MEL","Envoyer votre CV par mail","ACC","En accompagnement avec prÃ©sÃ©lection","0","N","2","1",
"1","EC","En cours","E","Expérience exigée","3","","AN","An(s)","K1207","Intervention socioéducative","16740","Moniteur éducateur / Monitrice éducatrice","E1","Contrat tout public","CDI","CDI","","","","M","Mensuel","1595","2350","EU","Euros","12","","8790B","Hébergement social pour adultes et familles en difficultés et autre hébergement social","03/04/20","06/04/20","6","Employé qualifié","AUT","Autre","NOR","Horaires normaux","","","35","","117426","107904;107905;107908","","NV3","Bac+2 ou équivalent","44092","Educateur spécialisé","Diplôme Moniteur/ Monitrice éduc","S","souhaité","","","","","","","","","","","","","","","","","","","","B","B - Véhicule léger","E","exigé","","","","","","","","","","","","","6","Chèque repas","7","Mutuelle","CO","Une commune","CHATEAUROUX","01","FRANCE","24","Centre-Val de Loire","36","INDRE","","","","","N","19140","28200","2","Ponctuels","","1","Départemental","","MEL","Envoyer votre CV par mail","APP","En appui","0","N","7","1",
"1","EC","En cours","D","Débutant accepté","","","","","J1506","Soins infirmiers généralistes","15545","Infirmier / Infirmière de soins généraux","E1","Contrat tout public","CDD","CDD","MO","Mois","5","M","Mensuel","2440","","EU","Euros","12","","8730A","Hébergement social pour personnes âgées","12/03/20","03/04/20","8","Agent de maîtrise","AUT","Autre","TDN","Travail de nuit","","","35","","100414;107255;107674;107718","107736;107737;107738;107739;107740","","NV2","Bac+3, Bac+4 ou équivalent","43448","Infirmier","Diplôme d'Etat Infirmier-e","E","exigé","","","","","","","","","","","","","","","","","","","","","","","","","","","","","","","","","","","","","","","","CO","Une commune","VOLX","01","FRANCE","93","Provence-Alpes-Côte d'Azur","04","ALPES-DE-HAUTE-PROVENCE","","","","","N","29280","","","","","","","","MEL","Envoyer votre CV par mail","APP","En appui","0","N","1","1",
"1","EC","En cours","E","Expérience exigée","2","","AN","An(s)","A1414","Horticulture et maraîchage","15476","Horticulteur / Horticultrice","E1","Contrat tout public","MIS","Interim","JO","Jour(s)","7","H","Horaire","10.15","10.15","EU","Euros","12","","7820Z","Activités des agences de travail temporaire","06/03/20","17/04/20","5","Employé non qualifié","AUT","Autre","NOR","Horaires normaux","","","35","","100158;101869;121998","122581;122730;123033;123046;125978","","","","","","","","","","","","","","","","","","","","","","","","","","","","","","","","","","","","","","","","","","","","","","","","CO","Une commune","TARBES","01","FRANCE","76","Occitanie","65","HAUTES-PYRENEES","","","","","N","18473","18473","","","","","","","PDE","Se présenter","ACP","En accompagnement sans prÃ©sÃ©lection","0","N","2","1",
"1","EC","En cours","D","Débutant accepté","","","","","K1202","Éducation de jeunes enfants","18883","Responsable de structure multi accueil petite enfance","NS","Emploi non salarié","FRA","Franchise","","","","X","Autre","","","EU","Euros","12",".","7022Z","Conseil pour les affaires et autres conseils de gestion","14/04/20","14/04/20","9","Cadre","AUT","Autre","NOR","Horaires normaux","","","","","","107372;107848;121801;124231;124435","","","","","","","","","","","","","","","","","","","","","","","","","","","","","","","","","","","","","","","","","","","","0","Autre","","","CO","Une commune","BRIGNOLES","01","FRANCE","93","Provence-Alpes-Côte d'Azur","83","VAR","","","","","N","","","","","","","","","MEL","Envoyer votre CV par mail","APP","En appui","0","N","1","1",
"1","EC","En cours","E","Expérience exigée","1","","AN","An(s)","M1609","Secrétariat et assistanat médical ou médico-social","19397","Secrétaire médical / médicale","E1","Contrat tout public","CDI","CDI","","","","M","Mensuel","1600","2200","EU","Euros","12","","7810Z","Activités des agences de placement de main-d'oeuvre","17/04/20","17/04/20","6","Employé qualifié","AUT","Autre","NOR","Horaires normaux","","","35","","","","","NV4","Bac ou équivalent","43454","Santé secteur sanitaire","Diplôme de secrétaire médicale","S","souhaité","","","","","","","","","","","","","","","","","","","","","","","","","","","","","","","","","","","","","","","","DT","Un département","Yvelines","01","FRANCE","11","Ile-de-France","78","YVELINES","","","","","N","19200","26400","","","","","","","MEL","Envoyer votre CV par mail","APP","En appui","0","N","5","1",
"1","EC","En cours","D","Débutant accepté","","","","","D1507","Mise en rayon libre-service","14811","Employé polyvalent / Employée polyvalente de libre-service","E1","Contrat tout public","CDI","CDI","","","","H","Horaire","10.15","10.15","EU","Euros","12","","4711B","Commerce d'alimentation générale","14/04/20","14/04/20","5","Employé non qualifié","AUT","Autre","NOR","Horaires normaux","","","20","","","117532;117547;119851;121228;121230","","","","","","","","","","","","","","","","","","","","","","","","","","","","","","","","","","","","","","","","","","","","","","","","RG","Une région","Ile-de-France","01","FRANCE","11","Ile-de-France","","","","","","","N","10556","10556","","","","","","","MEL","Envoyer votre CV par mail","APP","En appui","0","N","59","1",
"1","EC","En cours","E","Expérience exigée","2","","AN","An(s)","G1801","Café, bar brasserie","11494","Barman / Barmaid","E1","Contrat tout public","SAI","Saisonnier","MO","Mois","4","X","Autre","","","EU","Euros","","de 1200€ et 1500€","5610A","Restauration traditionnelle","02/03/20","06/04/20","5","Employé non qualifié","AUT","Autre","NOR","Horaires normaux","","","28","","","101901;104304;124961;124962;124963","","","","","","","","","","","","","","","","AN","Anglais","3","Bon","S","souhaité","ES","Espagnol","3","Bon","S","souhaité","","","","","","","","","","","","","","","","","0","Autre","","","CO","Une commune","BIARRITZ","01","FRANCE","75","Nouvelle-Aquitaine","64","PYRENEES-ATLANTIQUES","","","","","N","","","","","","","","","MEL","Envoyer votre CV par mail","ACP","En accompagnement sans prÃ©sÃ©lection","0","N","27","1",
"1","EC","En cours","E","Expérience exigée","2","","AN","An(s)","J1502","Coordination de services médicaux ou paramédicaux","11627","Cadre de santé de service paramédical","E1","Contrat tout public","CDD","CDD","MO","Mois","6","X","Autre","","","EU","Euros","","salaire indice de la FPH","8710A","Hébergement médicalisé pour personnes âgées","13/02/20","02/04/20","9","Cadre","AUT","Autre","NOR","Horaires normaux","","","35","","","120281;121813;121814;121815;123903","","","","","","","","","","","","","","","","","","","","","","","","","","","","","","","","","","","","","","","","","","","","0","Autre","","","CO","Une commune","AUPS","01","FRANCE","93","Provence-Alpes-Côte d'Azur","83","VAR","","","","","N","","","","","","","","","MEL","Envoyer votre CV par mail","ACP","En accompagnement sans prÃ©sÃ©lection","0","N","2","1",
"1","EC","En cours","D","Débutant accepté","","","","","K2204","Nettoyage de locaux","10573","Agent / Agente de propreté et d'hygiène","E2","Contrat d'apprentissage","CDD","CDD","MO","Mois","24","M","Mensuel","630","1583","EU","Euros","12","","8559A","Formation continue d'adultes","02/04/20","07/04/20","1","Manoeuvre","AUT","Autre","NOR","Horaires normaux","","","35","","104167","108689;122706;124543;126141","","NV5","CAP, BEP ou équivalent","0","Pas de domaine","","S","souhaité","C3A","BEPC ou 3ème achevée","0","Pas de domaine","","S","souhaité","","","","","","","","","","","","","AM","AM - Cyclomoteur <= 50 cm3","S","souhaité","B","B - Véhicule léger","S","souhaité","","","","","","","","","","","","","CO","Une commune","BAYEUX","01","FRANCE","28","Normandie","14","CALVADOS","","","","","N","7560","18996","","","","","","","MEL","Envoyer votre CV par mail","APP","En appui","0","N","5","1",
"1","EC","En cours","D","Débutant accepté","","","","","C1206","Gestion de clientèle bancaire","13387","Conseiller / Conseillère de clientèle bancaire","E2","Contrat d'apprentissage","CDD","CDD","MO","Mois","12","X","Autre","","","EU","Euros","","selon diplôme et age","6419Z","Autres intermédiations monétaires","16/04/20","16/04/20","7","Technicien","AUT","Autre","NOR","Horaires normaux","","","35","","","101563;117344;122193;122889;124230","","NV3","Bac+2 ou équivalent","0","Pas de domaine","","E","exigé","","","","","","","","","","","","","","","","","","","","","","","","","","","","","","","","","","","","0","Autre","","","DT","Un département","Marseille et Aix en Provence","01","FRANCE","93","Provence-Alpes-Côte d'Azur","13","BOUCHES-DU-RHONE","","","","","N","","","","","","","","","SLE","","APP","En appui","0","N","6","1",
"1","EC","En cours","E","Expérience exigée","1","","AN","An(s)","F1603","Installation d'équipements sanitaires et thermiques","17838","Plombier / Plombière chauffagiste","E1","Contrat tout public","CDI","CDI","","","","M","Mensuel","2000","3000","EU","Euros","12","","4322B","Travaux d'installation d'équipements thermiques et de climatisation","06/04/20","08/04/20","3","Ouvrier qualifié (P1,P2)","AUT","Autre","NOR","Horaires normaux","","","40","","","113669;121605;122213;122970;123695","","","","","","","","","","","","","","","","","","","","","","","","","","","","","","","","","","","","","","","","","","","","","","","","CO","Une commune","TARBES","01","FRANCE","76","Occitanie","65","HAUTES-PYRENEES","","","","","N","24000","36000","","","","","","","MEL","Envoyer votre CV par mail","ACC","En accompagnement avec prÃ©sÃ©lection","0","N","1","1",
"1","EC","En cours","E","Expérience exigée","3","","AN","An(s)","F1610","Pose et restauration de couvertures","13824","Couvreur charpentier / Couvreuse charpentière","E1","Contrat tout public","MIS","Interim","MO","Mois","3","H","Horaire","11","13","EU","Euros","12","","7820Z","Activités des agences de travail temporaire","31/03/20","31/03/20","4","Ouvrier qualifié (P3,P4,OHQ)","AUT","Autre","NOR","Horaires normaux","","","39","","","103655;103797;122128;122129;122208","","","","","","","","","","","","","","","","","","","","","","","","","","","","","","","","","","","","","","","","","","","","","","","","CO","Une commune","TARBES","01","FRANCE","76","Occitanie","65","HAUTES-PYRENEES","","","","","N","22308","26364","","","","","","","MEL","Envoyer votre CV par mail","APP","En appui","0","N","1","1",
"1","EC","En cours","E","Expérience exigée","5","","AN","An(s)","F1611","Réalisation et restauration de façades","15031","Façadier-enduiseur / Façadière-enduiseuse","E1","Contrat tout public","CDI","CDI","","","","M","Mensuel","1700","2000","EU","Euros","12","","4120A","Construction de maisons individuelles","30/03/20","30/03/20","4","Ouvrier qualifié (P3,P4,OHQ)","AUT","Autre","NOR","Horaires normaux","","","35","","123628","121493;123244;123627;123629","","","","","","","","","","","","","","","","","","","","","","","","","","","","B","B - Véhicule léger","S","souhaité","","","","","","","","","","","","","","","","","CO","Une commune","LESQUIN","01","FRANCE","32","Hauts-de-France","59","NORD","","","","","N","20400","24000","","","","","","","MEL","Envoyer votre CV par mail","APP","En appui","0","N","1","1",
"1","EC","En cours","E","Expérience exigée","2","","AN","An(s)","K2111","Formation professionnelle","15123","Formateur / Formatrice","E1","Contrat tout public","CDI","CDI","","","","M","Mensuel","3000","3500","EU","Euros","12","voyage aller/reto","7022Z","Conseil pour les affaires et autres conseils de gestion","23/01/19","06/02/20","9","Cadre","AUT","Autre","NOR","Horaires normaux","","","40","","","121620;121621;122898;123128","","NV1","Bac+5 et plus ou équivalent","44557","Ingénierie formation","","S","souhaité","","","","","","","","AN","Anglais","2","Très bon","E","exigé","","","","","","","","","","","","","","","","","","","","","","","0","Autre","2","Véhicule","DT","Un département","Nouvelle Calédonie","01","FRANCE","07","Territoires Français du Pacifique","988","NOUVELLE-CALEDONIE","","","","","N","36000","42000","1","Jamais","","","","","ECV","Envoyer votre CV","ACP","En accompagnement sans prÃ©sÃ©lection","0","N","5","1",
"1","EC","En cours","E","Expérience exigée","5","","AN","An(s)","D1403","Relation commerciale auprès de particuliers","12160","Chef de groupe de vendeurs à domicile","E1","Contrat tout public","CDI","CDI","","","","M","Mensuel","2200","3000","EU","Euros","12","","4799A","Vente à domicile","25/02/20","17/04/20","9","Cadre","AUT","Autre","NOR","Horaires normaux","","","35","","","119945;120526;121421;125815","","","","","","","","","","","","","","","","","","","","","","","","","","","","","","","","","","","","","","","","","","","","","","","","DT","Un département","Alpes de Haute Provence","01","FRANCE","93","Provence-Alpes-Côte d'Azur","04","ALPES-DE-HAUTE-PROVENCE","","","","","N","26400","36000","","","","","","","MEL","Envoyer votre CV par mail","APP","En appui","0","N","2","1",
"1","EC","En cours","E","Expérience exigée","1","","AN","An(s)","D1101","Boucherie","11564","Boucher / Bouchère","E1","Contrat tout public","CDI","CDI","","","","X","Autre","","","EU","Euros","","Selon profil","7022Z","Conseil pour les affaires et autres conseils de gestion","10/04/20","10/04/20","3","Ouvrier qualifié (P1,P2)","AUT","Autre","NOR","Horaires normaux","","","36","45","","","","NV5","CAP, BEP ou équivalent","21599","Boucherie","","E","exigé","","","","","","","","","","","","","","","","","","","","","","","","","","","","","","","","","","","","0","Autre","1","Primes","DT","Un département","Finistère","01","FRANCE","53","Bretagne","29","FINISTERE","","","","","N","","","","","","","","","URL","","APP","En appui","0","N","","1",
"1","EC","En cours","E","Expérience exigée","2","","AN","An(s)","F1102","Conception - aménagement d'espaces intérieurs","11117","Architecte d'intérieur","E1","Contrat tout public","CDI","CDI","","","","M","Mensuel","2000","2500","EU","Euros","12","","7111Z","Activités d'architecture","15/04/20","15/04/20","6","Employé qualifié","AUT","Autre","NOR","Horaires normaux","","","39","","100091;100514;100643;103045;116421;116428;118749;119672;120738;121188","122764;122891;125070;125826;125922;126145;126287;126439","","NV3","Bac+2 ou équivalent","22223","Architecture","BTS architecture d'intérieur","E","exigé","NV2","Bac+3, Bac+4 ou équivalent","22223","Architecture","Master architecture d'intérieur","S","souhaité","","","","","","","","","","","","","B","B - Véhicule léger","E","exigé","","","","","","","","","","","","","","","","","CO","Une commune","BIARRITZ","01","FRANCE","75","Nouvelle-Aquitaine","64","PYRENEES-ATLANTIQUES","","","","","N","24000","30000","","","","","","","MEL","Envoyer votre CV par mail","ACP","En accompagnement sans prÃ©sÃ©lection","0","N","7","1",
"1","EC","En cours","E","Expérience exigée","3","","AN","An(s)","D1402","Relation commerciale grands comptes et entreprises","12747","Commercial / Commerciale en services auprès des entreprises","E1","Contrat tout public","CDI","CDI","","","","X","Autre","","","EU","Euros","","A négocier","4321A","Travaux d'installation électrique dans tous locaux","30/03/20","15/04/20","7","Technicien","AUT","Autre","NOR","Horaires normaux","","","35","","118975","","","NV3","Bac+2 ou équivalent","31054","Informatique","ou Réseaux","E","exigé","","","","","","","","","","","","","","","","","","","","B","B - Véhicule léger","E","exigé","","","","","","","","","","","","","0","Autre","","","CO","Une commune","COLMAR","01","FRANCE","44","Grand Est","68","HAUT-RHIN","","","","","N","","","","","","","","","ECV","Envoyer votre CV","ACP","En accompagnement sans prÃ©sÃ©lection","0","N","","1",
"1","EC","En cours","D","Débutant accepté","","","","","A1416","Polyculture, élevage","17399","Ouvrier agricole polyvalent / Ouvrière agricole polyvalente","I1","Insertion par l'activ.éco.","DDI","Contrat durée déterminée insertion","MO","Mois","4","H","Horaire","10.15","","EU","Euros","","","9499Z","Autres organisations fonctionnant par adhésion volontaire","28/02/20","10/04/20","1","Manoeuvre","AUT","Autre","NOR","Horaires normaux","","","28","","116780;116781;122854;122855;122856","117634;120277;122563;122564;122730;122853;125816","","","","","","","","","","","","","","","","","","","","","","","","","","","","","","","","","","","","","","","","","","","","","","","","CO","Une commune","AVIGNON","01","FRANCE","93","Provence-Alpes-Côte d'Azur","84","VAUCLUSE","","","","","N","14778.4","","","","","","","","MEL","Envoyer votre CV par mail","ACP","En accompagnement sans prÃ©sÃ©lection","0","N","22","1",
"1","EC","En cours","D","Débutant accepté","","","","","A1405","Arboriculture et viticulture","17540","Ouvrier viticole / Ouvrière viticole","E1","Contrat tout public","SAI","Saisonnier","MO","Mois","1","H","Horaire","10.15","","EU","Euros","","","4634Z","Commerce de gros (commerce interentreprises) de boissons","16/03/20","30/03/20","1","Manoeuvre","AUT","Autre","NOR","Horaires normaux","","","35","","","","","","","","","","","","","","","","","","","","","","","","","","","","","","","","","","","","","","","","","","","","","","","","","","","CO","Une commune","AUPS","01","FRANCE","93","Provence-Alpes-Côte d'Azur","83","VAR","","","","","N","18473","","","","","","","","MEL","Envoyer votre CV par mail","ACP","En accompagnement sans prÃ©sÃ©lection","0","N","26","1",
"1","EC","En cours","E","Expérience exigée","3","","AN","An(s)","F1202","Direction de chantier du BTP","12091","Chef de chantier bâtiment","E1","Contrat tout public","CDD","CDD","MO","Mois","3","M","Mensuel","1800","2050","EU","Euros","12","","4334Z","Travaux de peinture et vitrerie","12/03/20","07/04/20","7","Technicien","AUT","Autre","","","","","35","","","117170;118365;120648;123571;123640","","","","","","","","","","","","","","","","","","","","","","","","","","","","B","B - Véhicule léger","E","exigé","","","","","","","","","","","","","","","","","RG","Une région","Auvergne-Rhône-Alpes","01","FRANCE","84","Auvergne-Rhône-Alpes","","","","","","","N","21600","24600","3","Fréquents","","2","Régional","","MEL","Envoyer votre CV par mail","APP","En appui","0","N","1","1",
"1","EC","En cours","E","Expérience exigée","3","","AN","An(s)","K1302","Assistance auprès d'adultes","11453","Auxiliaire de vie","E1","Contrat tout public","CDI","CDI","","","","H","Horaire","10.15","","EU","Euros","12","","8810A","Aide à domicile","20/03/20","06/04/20","5","Employé non qualifié","AUT","Autre","NOR","Horaires normaux","","","24","","","107661;107662;107920;107923;125971","","NV5","CAP, BEP ou équivalent","0","Pas de domaine","Secteur Sanitaire si pas expérience","S","souhaité","","","","","","","","","","","","","","","","","","","","","","","","","","","","","","","","","","","","","","","","PA","Un pays","Selon votre lieu d'habitation","01","FRANCE","","","","","","","00","FRANCE","N","12667.2","","","","","","","","URL","","ACC","En accompagnement avec prÃ©sÃ©lection","0","N","","1",
"1","EC","En cours","D","Débutant accepté","","","","","I1203","Maintenance des bâtiments et des locaux","38086","Agent / Agente d'entretien travaux à domicile","NS","Emploi non salarié","FRA","Franchise","","","","X","Autre","","","EU","Euros","",".","7022Z","Conseil pour les affaires et autres conseils de gestion","03/04/20","07/04/20","1","Manoeuvre","AUT","Autre","","","","","","","","","","","","","","","","","","","","","","","","","","","","","","","","","","","","B","B - Véhicule léger","E","exigé","","","","","","","","","","","","","0","Autre","","","DT","Un département","Sèvres (Deux)","01","FRANCE","75","Nouvelle-Aquitaine","79","DEUX-SEVRES","","","","","N","","","","","","","","","URL","","APP","En appui","0","N","","1",
"1","EC","En cours","E","Expérience exigée","3","","AN","An(s)","I1309","Maintenance électrique","12435","Chef d'équipe d'électriciens de maintenance","E1","Contrat tout public","CDI","CDI","","","","A","Annuel","24000","26000","EU","Euros","12","","7022Z","Conseil pour les affaires et autres conseils de gestion","03/04/20","06/04/20","7","Technicien","AUT","Autre","NOR","Horaires normaux","","","35","","","106808;121055;123301;123621;124396","","","","","","","","","","","","","","","","","","","","","","","","","","","","","","","","","","","","","","","","","","","","","","","","CO","Une commune","ROUBION","01","FRANCE","93","Provence-Alpes-Côte d'Azur","06","ALPES-MARITIMES","","","","","N","24000","26000","","","","","","","MEL","Envoyer votre CV par mail","APP","En appui","0","N","1","1",
"1","EC","En cours","D","Débutant accepté","","","","","K2503","Sécurité et surveillance privées","10599","Agent / Agente de sécurité","E1","Contrat tout public","CDD","CDD","MO","Mois","1","H","Horaire","10.53","","EU","Euros","12","","8010Z","Activités de sécurité privée","06/04/20","14/04/20","6","Employé qualifié","AUT","Autre","NOR","Horaires normaux","","","35","","","104288;108842;108843;108844;108846","","","","","","","","","","","","","","","","","","","","","","","","","","","","","","","","","","","","","","","","","","","","","","","","CO","Une commune","ST CLAUDE","01","FRANCE","27","Bourgogne-Franche-Comté","39","JURA","","","","","N","19164.6","","","","","","","","MEL","Envoyer votre CV par mail","ACP","En accompagnement sans prÃ©sÃ©lection","0","N","3","1",
"1","EC","En cours","E","Expérience exigée","5","","AN","An(s)","F1703","Maçonnerie","16254","Maçon / Maçonne en rénovation","E1","Contrat tout public","MIS","Interim","MO","Mois","5","H","Horaire","12","13","EU","Euros","12","","7820Z","Activités des agences de travail temporaire","11/03/20","30/03/20","3","Ouvrier qualifié (P1,P2)","AUT","Autre","NOR","Horaires normaux","","","35","","","103767;121482;121517;122952;123667","","","","","","","","","","","","","","","","","","","","","","","","","","","","","","","","","","","","","","","","","","","","","","","","CO","Une commune","LA CELLE","01","FRANCE","93","Provence-Alpes-Côte d'Azur","83","VAR","","","","","N","21840","23660","","","","","","","MEL","Envoyer votre CV par mail","APP","En appui","0","N","6","1",
"3","EC","En cours","E","Expérience exigée","18","","MO","Mois","A1415","Équipage de la pêche","16406","Marin-pêcheur","E1","Contrat tout public","CDI","CDI","","","","X","Autre","","","EU","Euros","","répartition en %","0311Z","Pêche en mer","18/02/20","30/03/20","6","Employé qualifié","AUT","Autre","TSD","Travail samedi et dimanche","","","35","","","122279;122755;123079;123080;123102;123103","","","","","","","","","","","","","","","","","","","","","","","","","","","","","","","","","","","","","","","","","","","","0","Autre","","","PA","Un pays","Irlande","13","IRLANDE","","","","","9A","EUROPE HORS EEE","9C","EUROPE","N","","","4","Quotidiens","","4","International","","TEL","Téléphoner","APP","En appui","0","N","1","3",
"1","EC","En cours","D","Débutant accepté","","","","","I1203","Maintenance des bâtiments et des locaux","38086","Agent / Agente d'entretien travaux à domicile","NS","Emploi non salarié","FRA","Franchise","","","","X","Autre","","","EU","Euros","",".","7022Z","Conseil pour les affaires et autres conseils de gestion","03/04/20","07/04/20","1","Manoeuvre","AUT","Autre","","","","","","","","","","","","","","","","","","","","","","","","","","","","","","","","","","","","B","B - Véhicule léger","E","exigé","","","","","","","","","","","","","0","Autre","","","DT","Un département","Vendée","01","FRANCE","52","Pays de la Loire","85","VENDEE","","","","","N","","","","","","","","","URL","","APP","En appui","0","N","","1",
"1","EC","En cours","D","Débutant accepté","","","","","J1506","Soins infirmiers généralistes","15545","Infirmier / Infirmière de soins généraux","E1","Contrat tout public","CDI","CDI","","","","X","Autre","","","EU","Euros","","Selon ancienneté.","8610Z","Activités hospitalières","25/02/20","20/04/20","7","Technicien","AUT","Autre","NOR","Horaires normaux","","","35","","","","","NV3","Bac+2 ou équivalent","43448","Infirmier","Diplôme d'Etat Infirmier(e)","E","exigé","","","","","","","","","","","","","","","","","","","","","","","","","","","","","","","","","","","","0","Autre","","","CO","Une commune","LOMBEZ","01","FRANCE","76","Occitanie","32","GERS","","","","","N","18000","24000","","","","","","","MEL","Envoyer votre CV par mail","ACP","En accompagnement sans prÃ©sÃ©lection","0","N","","1",
"1","EC","En cours","E","Expérience exigée","2","","AN","An(s)","C1504","Transaction immobilière","16967","Négociateur / Négociatrice immobilier","E1","Contrat tout public","CDI","CDI","","","","X","Autre","","","EU","Euros","","AVANCE SUR COMMISSION","6831Z","Agences immobilières","06/04/20","09/04/20","5","Employé non qualifié","AUT","Autre","NOR","Horaires normaux","","","35","","100340;101343;101639;117755;117785;118975;122218;123213","113667;117113;118419;118648;118875;118876;118878;121091;122189;122190;122201;122254;122361;122362;123055;123471;125815","","","","","","","","","","","","","","","","","","","","","","","","","","","","","","","","","","","","","","","","","","","","0","Autre","","","DT","Un département","Tarn et Garonne","01","FRANCE","76","Occitanie","82","TARN-ET-GARONNE","","","","","N","","","","","","","","","MEL","Envoyer votre CV par mail","APP","En appui","0","N","1","1",
"1","EC","En cours","D","Débutant accepté","","","","","M1302","Direction de petite ou moyenne entreprise","18610","Responsable d'agence commerciale","NS","Emploi non salarié","FRA","Franchise","","","","X","Autre","","","EU","Euros","12",".","7022Z","Conseil pour les affaires et autres conseils de gestion","17/04/20","17/04/20","9","Cadre","AUT","Autre","NOR","Horaires normaux","","","","","","115028;121136;121520;121521;123726","","","","","","","","","","","","","","","","","","","","","","","","","","","","","","","","","","","","","","","","","","","","0","Autre","","","CO","Une commune","TOURS","01","FRANCE","24","Centre-Val de Loire","37","INDRE-ET-LOIRE","","","","","N","","","","","","","","","MEL","Envoyer votre CV par mail","APP","En appui","0","N","1","1",
"1","EC","En cours","D","Débutant accepté","","","","","I1203","Maintenance des bâtiments et des locaux","38086","Agent / Agente d'entretien travaux à domicile","NS","Emploi non salarié","FRA","Franchise","","","","X","Autre","","","EU","Euros","",".","7022Z","Conseil pour les affaires et autres conseils de gestion","03/04/20","07/04/20","1","Manoeuvre","AUT","Autre","","","","","","","","","","","","","","","","","","","","","","","","","","","","","","","","","","","","B","B - Véhicule léger","E","exigé","","","","","","","","","","","","","0","Autre","","","DT","Un département","Vosges","01","FRANCE","44","Grand Est","88","VOSGES","","","","","N","","","","","","","","","URL","","APP","En appui","0","N","","1",
"1","EC","En cours","E","Expérience exigée","6","","MO","Mois","K1302","Assistance auprès d'adultes","11446","Auxiliaire de gériatrie","E1","Contrat tout public","CDD","CDD","JO","Jour(s)","14","H","Horaire","10.15","","EU","Euros","","","8730A","Hébergement social pour personnes âgées","08/04/20","08/04/20","6","Employé qualifié","AUT","Autre","","","confinement total en structure 5jour","","35","","102066;102096;103885;107666;107674;107925;119072;124475","107443;107661;107662;107920;107922;107923;115118;115122;120690;123872","","NV5","CAP, BEP ou équivalent","44028","Auxiliaire vie sociale","ou équivalent si pas d'expérience","E","exigé","","","","","","","","","","","","","","","","","","","","","","","","","","","","","","","","","","","","","","","","CO","Une commune","DAMMARIE SUR SAULX","01","FRANCE","44","Grand Est","55","MEUSE","","","","","N","18473","","","","","","","","MEL","Envoyer votre CV par mail","APP","En appui","0","N","1","1",
"1","EC","En cours","E","Expérience exigée","8","","AN","An(s)","H1102","Management et ingénierie d'affaires","12234","Chef de projet d'affaires d'ingénierie industrielle","E1","Contrat tout public","CDI","CDI","","","","M","Mensuel","5000","6700","EU","Euros","12","","7022Z","Conseil pour les affaires et autres conseils de gestion","19/03/19","06/02/20","9","Cadre","AUT","Autre","NOR","Horaires normaux","","","40","","","104376;118023;118637;124674","","NV1","Bac+5 et plus ou équivalent","14229","Histoire sciences et techniques","","S","souhaité","","","","","","","","AN","Anglais","2","Très bon","E","exigé","","","","","","","","","","","","","","","","","","","","","","","","","","","DT","Un département","Nouvelle Calédonie","01","FRANCE","07","Territoires Français du Pacifique","988","NOUVELLE-CALEDONIE","","","","","N","60000","80400","1","Jamais","","","","","ECV","Envoyer votre CV","ACP","En accompagnement sans prÃ©sÃ©lection","0","N","4","1",
"1","EC","En cours","D","Débutant accepté","","","","","I1307","Installation et maintenance télécoms et courants faibles","19828","Technicien / Technicienne de maintenance des systèmes d'alarme","E1","Contrat tout public","CDI","CDI","","","","M","Mensuel","1800","1900","EU","Euros","12","","8020Z","Activités liées aux systèmes de sécurité","06/04/20","06/04/20","5","Employé non qualifié","AUT","Autre","NOR","Horaires normaux","","","37","","102717;104413;106768","106761;117370;117371;125415;126178","","","","","","","","","","","","","","","","","","","","","","","","","","","","B","B - Véhicule léger","S","souhaité","","","","","","","","","","","","","1","Primes","2","Véhicule","DT","Un département","Meuse","01","FRANCE","44","Grand Est","55","MEUSE","","","","","N","21600","22800","4","Quotidiens","","1","Départemental","","MEL","Envoyer votre CV par mail","APP","En appui","0","N","4","1",
"1","EC","En cours","D","Débutant accepté","","","","","A1405","Arboriculture et viticulture","17540","Ouvrier viticole / Ouvrière viticole","E1","Contrat tout public","CDD","CDD","MO","Mois","2","H","Horaire","10.2","","EU","Euros","","","6420Z","Activités des sociétés holding","03/04/20","17/04/20","3","Ouvrier qualifié (P1,P2)","AUT","Autre","NOR","Horaires normaux","","","35","","100039;122826;122827;122828","122825","","","","","","","","","","","","","","","","","","","","","","","","","","","","","","","","","","","","","","","","","","","","","","","","CO","Une commune","PAUILLAC","01","FRANCE","75","Nouvelle-Aquitaine","33","GIRONDE","","","","","N","18564","","","","","","","","MEL","Envoyer votre CV par mail","ACP","En accompagnement sans prÃ©sÃ©lection","0","N","18","1",
"1","EC","En cours","D","Débutant accepté","","","","","D1101","Boucherie","11564","Boucher / Bouchère","E1","Contrat tout public","CDI","CDI","","","","X","Autre","","","EU","Euros","","SELON ANCIENNETÉ","4711D","Supermarchés","07/03/20","08/04/20","6","Employé qualifié","AUT","Autre","NOR","Horaires normaux","","","39","","101718;101719;116573","118018;120224","","NV5","CAP, BEP ou équivalent","21599","Boucherie","","E","exigé","","","","","","","","","","","","","","","","","","","","","","","","","","","","","","","","","","","","0","Autre","","","CO","Une commune","MIGNALOUX BEAUVOIR","01","FRANCE","75","Nouvelle-Aquitaine","86","VIENNE","","","","","N","","","","","","","","","MEL","Envoyer votre CV par mail","APP","En appui","0","N","1","1",
"1","EC","En cours","D","Débutant accepté","","","","","K1301","Accompagnement médicosocial","140948","Accompagnant éducatif et social / Accompagnante éducative et sociale en structure collective","E1","Contrat tout public","CDD","CDD","MO","Mois","6","X","Autre","","","EU","Euros","","selon CCN 1951","8710C","Hébergement médicalisé pour adultes handicapés et autre hébergement médicalisé","18/02/20","31/03/20","6","Employé qualifié","AUT","Autre","NOR","Horaires normaux","","","35","","107376;107666","107662;107834;107913;107915;107916;115113;120683","","NV4","Bac ou équivalent","43454","Santé secteur sanitaire","","S","souhaité","","","","","","","","","","","","","","","","","","","","","","","","","","","","","","","","","","","","0","Autre","","","CO","Une commune","SENONCHES","01","FRANCE","24","Centre-Val de Loire","28","EURE-ET-LOIR","","","","","N","","","","","","","","","MEL","Envoyer votre CV par mail","APP","En appui","0","N","5","1",
"1","EC","En cours","D","Débutant accepté","","","","","K1207","Intervention socioéducative","14597","Éducateur spécialisé / Éducatrice spécialisée","E1","Contrat tout public","CDI","CDI","","","","X","Autre","","","EU","Euros","","1539.42 € brut","8899B","Action sociale sans hébergement n.c.a.","03/03/20","14/04/20","7","Technicien","AUT","Autre","NOR","Horaires normaux","","","35","","101949;102066","107904;107905;120683;123989;123990","","NV3","Bac+2 ou équivalent","44054","Action sociale","","E","exigé","","","","","","","","ES","Espagnol","4","Correct","S","souhaité","","","","","","","B","B - Véhicule léger","E","exigé","","","","","","","","","","","","","0","Autre","","","PA","Un pays","Espagne","07","ESPAGNE","","","","","9A","EUROPE HORS EEE","9C","EUROPE","N","22800","","","","","","","","MEL","Envoyer votre CV par mail","ACP","En accompagnement sans prÃ©sÃ©lection","0","N","24","1",
"1","EC","En cours","E","Expérience exigée","5","","AN","An(s)","D1502","Management/gestion de rayon produits alimentaires","12298","Chef de rayon produits alimentaires hors produits frais","E1","Contrat tout public","CDI","CDI","","","","X","Autre","","","EU","Euros","","Selon profil et expérience","9411Z","Activités des organisations patronales et consulaires","28/02/20","15/04/20","8","Agent de maîtrise","AUT","Autre","NOR","Horaires normaux","","","36","45","","","","","","","","","","","","","","","","","","","","","","","","","","","","","","","","","","","","","","","","","","","","","","0","Autre","","","DT","Un département","Gers","01","FRANCE","76","Occitanie","32","GERS","","","","","N","","","","","","","","","MEL","Envoyer votre CV par mail","APP","En appui","1","N","","1",
"1","EC","En cours","E","Expérience exigée","1","","AN","An(s)","C1504","Transaction immobilière","16963","Négociateur / Négociatrice en immobilier","E1","Contrat tout public","CDI","CDI","","","","X","Autre","","","EU","Euros","","Fixe + commissions","6831Z","Agences immobilières","03/02/20","26/03/20","6","Employé qualifié","AUT","Autre","VAR","Horaires variables","","du lundi au samedi","35","","100340;101343;101695;118975;122218","113667;114105;118419;118648;118876;121091;122189;122190;122254;122360;122361;122362;125815","","","","","","","","","","","","","","","","","","","","","","","","","","","","","","","","","","","","","","","","","","","","0","Autre","","","CO","Une commune","DUNKERQUE","01","FRANCE","32","Hauts-de-France","59","NORD","","","","","N","","","3","Fréquents","","1","Départemental","","MEL","Envoyer votre CV par mail","ACP","En accompagnement sans prÃ©sÃ©lection","0","N","2","1",
"1","EC","En cours","E","Expérience exigée","3","","MO","Mois","I1304","Installation et maintenance d'équipements industriels et d'exploitation","19870","Technicien / Technicienne de maintenance industrielle","E1","Contrat tout public","CDI","CDI","","","","A","Annuel","20000","25000","EU","Euros","12","","7820Z","Activités des agences de travail temporaire","20/04/20","20/04/20","5","Employé non qualifié","AUT","Autre","NOR","Horaires normaux","","","35","","","106714;123301;123770;124333;124739","","","","","","","","","","","","","","","","","","","","","","","","","","","","","","","","","","","","","","","","","","","","","","","","CO","Une commune","TOURCOING","01","FRANCE","32","Hauts-de-France","59","NORD","","","","","N","20000","25000","","","","","","","TEL","Téléphoner","APP","En appui","0","N","","1",
"1","EC","En cours","E","Expérience exigée","3","","AN","An(s)","M1203","Comptabilité","12786","Comptable","E1","Contrat tout public","CDI","CDI","","","","X","Autre","","","EU","Euros","","Selon profil","6311Z","Traitement de données, hébergement et activités connexes","17/02/20","16/04/20","6","Employé qualifié","AUT","Autre","NOR","Horaires normaux","","","39","","100118","117141;120708;124318;124584","","NV3","Bac+2 ou équivalent","32663","Comptabilité","","S","souhaité","","","","","","","","","","","","","","","","","","","","","","","","","","","","","","","","","","","","0","Autre","","","CO","Une commune","TOURS","01","FRANCE","24","Centre-Val de Loire","37","INDRE-ET-LOIRE","","","","","N","","","","","","","","","MEL","Envoyer votre CV par mail","ACP","En accompagnement sans prÃ©sÃ©lection","0","N","5","1",
